{"v":"5.5.8","fr":29.9700012207031,"ip":0,"op":600.000024438501,"w":70,"h":64,"nm":"BANKING-COIN","ddd":0,"assets":[{"id":"comp_0","layers":[{"ddd":0,"ind":1,"ty":4,"nm":"Layer 3/banking icon Outlines","sr":1,"ks":{"o":{"a":0,"k":100,"ix":11},"r":{"a":0,"k":0,"ix":10},"p":{"a":0,"k":[35,36,0],"ix":2},"a":{"a":0,"k":[12.5,12.5,0],"ix":1},"s":{"a":1,"k":[{"i":{"x":[0.667,0.667,0.667],"y":[1,1,1]},"o":{"x":[0.167,0.167,0.167],"y":[0.167,0,0]},"t":0,"s":[100,100,100]},{"i":{"x":[0.667,0.667,0.667],"y":[1,1,1]},"o":{"x":[0.333,0.333,0.333],"y":[0,0,0]},"t":12.5,"s":[0,100,100]},{"i":{"x":[0.667,0.667,0.667],"y":[1,1,1]},"o":{"x":[0.167,0.167,0.167],"y":[0.167,0,0]},"t":25,"s":[-100,100,100]},{"i":{"x":[0.667,0.667,0.667],"y":[1,1,1]},"o":{"x":[0.167,0.167,0.167],"y":[0.167,0,0]},"t":37.5,"s":[0,100,100]},{"t":50.0000020365418,"s":[-100,100,100]}],"ix":6,"x":"var $bm_rt;\n$bm_rt = loopOut();"}},"ao":0,"shapes":[{"ty":"gr","it":[{"ind":0,"ty":"sh","ix":1,"ks":{"a":0,"k":{"i":[[0.011,5.506],[5.475,0.01],[-0.01,-5.506],[-5.475,-0.01]],"o":[[-0.01,-5.486],[-5.505,-0.01],[0,5.476],[5.505,0.019]],"v":[[9.965,-0.02],[0.035,-9.973],[-9.945,-0.01],[-0.015,9.945]],"c":true},"ix":2},"nm":"Path 1","mn":"ADBE Vector Shape - Group","hd":false},{"ind":1,"ty":"sh","ix":2,"ks":{"a":0,"k":{"i":[[0.02,-6.622],[6.624,0.019],[-0.03,6.633],[-6.604,0]],"o":[[-0.01,6.633],[-6.623,-0.02],[0.03,-6.602],[6.634,0]],"v":[[12.005,0.01],[-0.035,11.99],[-11.995,-0.07],[0.005,-12.01]],"c":true},"ix":2},"nm":"Path 2","mn":"ADBE Vector Shape - Group","hd":false},{"ty":"mm","mm":1,"nm":"Merge Paths 1","mn":"ADBE Vector Filter - Merge","hd":false},{"ty":"fl","c":{"a":0,"k":[0.470999983245,0.788000009574,1,1],"ix":4},"o":{"a":0,"k":100,"ix":5},"r":1,"bm":0,"nm":"Fill 1","mn":"ADBE Vector Graphic - Fill","hd":false},{"ty":"tr","p":{"a":0,"k":[12.275,12.26],"ix":2},"a":{"a":0,"k":[0,0],"ix":1},"s":{"a":0,"k":[100,100],"ix":3},"r":{"a":0,"k":0,"ix":6},"o":{"a":0,"k":100,"ix":7},"sk":{"a":0,"k":0,"ix":4},"sa":{"a":0,"k":0,"ix":5},"nm":"Transform"}],"nm":"Group 1","np":4,"cix":2,"bm":0,"ix":1,"mn":"ADBE Vector Group","hd":false}],"ip":0,"op":631.000025701157,"st":0,"bm":0},{"ddd":0,"ind":2,"ty":4,"nm":"Layer 2/banking icon Outlines","sr":1,"ks":{"o":{"a":0,"k":100,"ix":11},"r":{"a":0,"k":0,"ix":10},"p":{"a":0,"k":[35,36,0],"ix":2},"a":{"a":0,"k":[5.5,9,0],"ix":1},"s":{"a":1,"k":[{"i":{"x":[0.667,0.667,0.667],"y":[1,1,1]},"o":{"x":[0.167,0.167,0.167],"y":[0.167,0,0]},"t":0,"s":[100,100,100]},{"i":{"x":[0.667,0.667,0.667],"y":[1,1,1]},"o":{"x":[0.333,0.333,0.333],"y":[0,0,0]},"t":12.5,"s":[0,100,100]},{"i":{"x":[0.667,0.667,0.667],"y":[1,1,1]},"o":{"x":[0.167,0.167,0.167],"y":[0.167,0,0]},"t":25,"s":[-100,100,100]},{"i":{"x":[0.667,0.667,0.667],"y":[1,1,1]},"o":{"x":[0.167,0.167,0.167],"y":[0.167,0,0]},"t":37.5,"s":[0,100,100]},{"t":50.0000020365418,"s":[100,100,100]}],"ix":6,"x":"var $bm_rt;\n$bm_rt = loopOut();"}},"ao":0,"shapes":[{"ty":"gr","it":[{"ind":0,"ty":"sh","ix":1,"ks":{"a":0,"k":{"i":[[0.198,-0.03],[1.217,-0.07],[0.208,1.512],[0.218,0.019],[0.139,1.829],[-0.604,0.06],[-0.109,-0.692],[-1.168,-0.021],[-0.861,0.04],[0.031,0.929],[1.011,0.02],[0.862,0.01],[0.079,2.056],[-2.128,0.198],[-0.208,0.03],[-1.227,0.07],[-0.197,-1.493],[-0.218,-0.02],[-0.129,-1.829],[0.603,-0.059],[0.109,0.691],[1.168,0.019],[0.862,-0.04],[-0.03,-0.929],[-1.02,-0.029],[-0.86,-0.01],[-0.089,-2.075],[2.108,-0.178]],"o":[[-0.109,0.761],[-0.674,0.039],[-0.197,-0.02],[-1.822,-0.178],[-0.049,-0.702],[0.574,-0.06],[0.178,1.156],[0.862,0.019],[1.01,-0.039],[-0.019,-0.949],[-0.861,-0.02],[-2.158,-0.029],[-0.069,-2.026],[0.159,-0.01],[0.099,-0.761],[0.674,-0.039],[0.199,0.03],[1.852,0.188],[0.05,0.691],[-0.565,0.06],[-0.178,-1.147],[-0.862,-0.021],[-1.019,0.049],[0.02,0.949],[0.861,0.02],[2.15,0.01],[0.079,2.017],[-0.158,0.009]],"v":[[1.064,6.563],[-0.005,8.413],[-1.094,6.563],[-1.728,6.484],[-5.143,3.005],[-4.212,1.729],[-3.113,2.768],[-1.204,4.458],[1.38,4.438],[3.094,2.708],[1.322,1.027],[-1.262,1.018],[-5.154,-2.62],[-1.579,-6.484],[-1.064,-6.563],[0.005,-8.413],[1.094,-6.563],[1.727,-6.475],[5.133,-3.005],[4.204,-1.73],[3.104,-2.768],[1.193,-4.458],[-1.391,-4.439],[-3.104,-2.708],[-1.331,-1.018],[1.251,-1.008],[5.143,2.628],[1.57,6.495]],"c":true},"ix":2},"nm":"Path 1","mn":"ADBE Vector Shape - Group","hd":false},{"ty":"fl","c":{"a":0,"k":[0.090000002992,0.113999998803,0.141000007181,1],"ix":4},"o":{"a":0,"k":100,"ix":5},"r":1,"bm":0,"nm":"Fill 1","mn":"ADBE Vector Graphic - Fill","hd":false},{"ty":"tr","p":{"a":0,"k":[5.472,8.702],"ix":2},"a":{"a":0,"k":[0,0],"ix":1},"s":{"a":0,"k":[100,100],"ix":3},"r":{"a":0,"k":0,"ix":6},"o":{"a":0,"k":100,"ix":7},"sk":{"a":0,"k":0,"ix":4},"sa":{"a":0,"k":0,"ix":5},"nm":"Transform"}],"nm":"Group 1","np":2,"cix":2,"bm":0,"ix":1,"mn":"ADBE Vector Group","hd":false}],"ip":0,"op":631.000025701157,"st":0,"bm":0}]}],"layers":[{"ddd":0,"ind":1,"ty":0,"nm":"banking","refId":"comp_0","sr":1,"ks":{"o":{"a":0,"k":100,"ix":11},"r":{"a":0,"k":0,"ix":10},"p":{"s":true,"x":{"a":0,"k":35,"ix":3},"y":{"a":0,"k":32,"ix":4}},"a":{"a":0,"k":[35,32,0],"ix":1},"s":{"a":0,"k":[100,100,100],"ix":6}},"ao":0,"w":70,"h":64,"ip":0,"op":600.000024438501,"st":0,"bm":0},{"ddd":0,"ind":2,"ty":4,"nm":"Layer 1/banking icon Outlines","sr":1,"ks":{"o":{"a":0,"k":100,"ix":11},"r":{"a":0,"k":0,"ix":10},"p":{"a":0,"k":[35,32,0],"ix":2},"a":{"a":0,"k":[35.5,32.5,0],"ix":1},"s":{"a":0,"k":[100,100,100],"ix":6}},"ao":0,"ef":[{"ty":21,"nm":"Fill","np":9,"mn":"ADBE Fill","ix":1,"en":1,"ef":[{"ty":10,"nm":"Fill Mask","mn":"ADBE Fill-0001","ix":1,"v":{"a":0,"k":0,"ix":1}},{"ty":7,"nm":"All Masks","mn":"ADBE Fill-0007","ix":2,"v":{"a":0,"k":0,"ix":2}},{"ty":2,"nm":"Color","mn":"ADBE Fill-0002","ix":3,"v":{"a":1,"k":[{"i":{"x":[0.667],"y":[1]},"o":{"x":[0.167],"y":[1.569]},"t":0,"s":[0.090196080506,0.113725498319,0.141176477075,1]},{"t":14.0000005702317,"s":[0.20000000298,0.678431391716,1,1]}],"ix":3}},{"ty":7,"nm":"Invert","mn":"ADBE Fill-0006","ix":4,"v":{"a":0,"k":0,"ix":4}},{"ty":0,"nm":"Horizontal Feather","mn":"ADBE Fill-0003","ix":5,"v":{"a":0,"k":0,"ix":5}},{"ty":0,"nm":"Vertical Feather","mn":"ADBE Fill-0004","ix":6,"v":{"a":0,"k":0,"ix":6}},{"ty":0,"nm":"Opacity","mn":"ADBE Fill-0005","ix":7,"v":{"a":0,"k":1,"ix":7}}]}],"shapes":[{"ty":"gr","it":[{"ind":0,"ty":"sh","ix":1,"ks":{"a":0,"k":{"i":[[0,0],[0,0],[0,0],[0,0]],"o":[[0,0],[0,0],[0,0],[0,0]],"v":[[16.335,-10.675],[28.003,-10.675],[28.003,-8.538],[16.335,-8.538]],"c":true},"ix":2},"nm":"Path 1","mn":"ADBE Vector Shape - Group","hd":false},{"ind":1,"ty":"sh","ix":2,"ks":{"a":0,"k":{"i":[[0,0]],"o":[[0,0]],"v":[[16.335,-8.538]],"c":false},"ix":2},"nm":"Path 2","mn":"ADBE Vector Shape - Group","hd":false},{"ind":2,"ty":"sh","ix":3,"ks":{"a":0,"k":{"i":[[0,0],[0,0],[0,0],[0,0]],"o":[[0,0],[0,0],[0,0],[0,0]],"v":[[32.675,29.873],[-32.664,29.873],[-32.664,27.735],[32.675,27.735]],"c":true},"ix":2},"nm":"Path 3","mn":"ADBE Vector Shape - Group","hd":false},{"ind":3,"ty":"sh","ix":4,"ks":{"a":0,"k":{"i":[[0,0]],"o":[[0,0]],"v":[[32.675,27.735]],"c":false},"ix":2},"nm":"Path 4","mn":"ADBE Vector Shape - Group","hd":false},{"ind":4,"ty":"sh","ix":5,"ks":{"a":0,"k":{"i":[[0,0],[0,0],[0,0],[0,0]],"o":[[0,0],[0,0],[0,0],[0,0]],"v":[[-28.003,23.471],[-16.335,23.471],[-16.335,25.609],[-28.003,25.609]],"c":true},"ix":2},"nm":"Path 5","mn":"ADBE Vector Shape - Group","hd":false},{"ind":5,"ty":"sh","ix":6,"ks":{"a":0,"k":{"i":[[0,0],[0,0],[0,0],[0,0]],"o":[[0,0],[0,0],[0,0],[0,0]],"v":[[-28.003,-10.675],[-16.335,-10.675],[-16.335,-8.538],[-28.003,-8.538]],"c":true},"ix":2},"nm":"Path 6","mn":"ADBE Vector Shape - Group","hd":false},{"ind":6,"ty":"sh","ix":7,"ks":{"a":0,"k":{"i":[[0,0]],"o":[[0,0]],"v":[[-28.003,-8.538]],"c":false},"ix":2},"nm":"Path 7","mn":"ADBE Vector Shape - Group","hd":false},{"ind":7,"ty":"sh","ix":8,"ks":{"a":0,"k":{"i":[[0,0],[0,0],[0,0],[0,0],[0,0],[0,0],[0,0],[0,0]],"o":[[0,0],[0,0],[0,0],[0,0],[0,0],[0,0],[0,0],[0,0]],"v":[[-23.332,3.197],[-23.332,21.334],[-25.667,21.334],[-25.667,-6.4],[-18.671,-6.4],[-18.671,21.334],[-21.007,21.334],[-21.007,3.197]],"c":true},"ix":2},"nm":"Path 8","mn":"ADBE Vector Shape - Group","hd":false},{"ind":8,"ty":"sh","ix":9,"ks":{"a":0,"k":{"i":[[0,0],[0,0],[0,0],[0,0]],"o":[[0,0],[0,0],[0,0],[0,0]],"v":[[28.003,25.608],[16.335,25.608],[16.335,23.47],[28.003,23.47]],"c":true},"ix":2},"nm":"Path 9","mn":"ADBE Vector Shape - Group","hd":false},{"ind":9,"ty":"sh","ix":10,"ks":{"a":0,"k":{"i":[[0,0]],"o":[[0,0]],"v":[[28.003,23.471]],"c":false},"ix":2},"nm":"Path 10","mn":"ADBE Vector Shape - Group","hd":false},{"ind":10,"ty":"sh","ix":11,"ks":{"a":0,"k":{"i":[[0,0],[0,0],[0,0],[0,0],[0,0],[0,0],[0,0],[0,0]],"o":[[0,0],[0,0],[0,0],[0,0],[0,0],[0,0],[0,0],[0,0]],"v":[[21.007,3.197],[21.007,21.334],[18.671,21.334],[18.671,-6.4],[25.667,-6.4],[25.667,21.334],[23.343,21.334],[23.343,3.197]],"c":true},"ix":2},"nm":"Path 11","mn":"ADBE Vector Shape - Group","hd":false},{"ind":11,"ty":"sh","ix":12,"ks":{"a":0,"k":{"i":[[0,0],[0,0],[0,0],[0,0],[0,0],[0,0],[0,0],[0,-0.55],[0,0],[-0.636,0],[0,0],[0,0],[0,0],[0,-0.579],[0,0],[0,0],[0,0],[0,0],[0,0],[0,0],[0,0],[0,0],[0,0],[0.647,0],[0,0],[0,0],[0,0],[0,0.579],[0,0],[0.603,0]],"o":[[0,0],[0,0],[0,0],[0,0],[0,0],[0,0],[-0.603,0],[0,0],[0,0.589],[0,0],[0,0],[0,0],[-0.647,0],[0,0],[0,0],[0,0],[0,0],[0,0],[0,0],[0,0],[0,0],[0,0],[0,-0.589],[0,0],[0,0],[0,0],[0.647,0],[0,0],[0,-0.55],[0,0]],"v":[[-30.328,-12.802],[-30.328,-14.94],[-13.955,-14.94],[13.977,-14.94],[30.339,-14.94],[30.339,-12.802],[15.106,-12.802],[14.01,-11.803],[14.01,-7.459],[15.172,-6.4],[16.335,-6.4],[16.335,21.334],[15.172,21.334],[14.01,22.392],[14.01,25.599],[13.977,25.599],[8.176,25.599],[5.84,25.599],[-5.829,25.599],[-8.165,25.599],[-13.955,25.599],[-13.999,25.599],[-13.999,22.402],[-15.172,21.334],[-16.335,21.334],[-16.335,-6.4],[-15.172,-6.4],[-14.01,-7.459],[-14.01,-11.803],[-15.106,-12.802]],"c":true},"ix":2},"nm":"Path 12","mn":"ADBE Vector Shape - Group","hd":false},{"ind":12,"ty":"sh","ix":13,"ks":{"a":0,"k":{"i":[[0,0],[0,0],[0,0],[0,0],[0,0]],"o":[[0,0],[0,0],[0,0],[0,0],[0,0]],"v":[[-32.664,-17.067],[-32.664,-19.514],[0.005,-29.81],[32.675,-19.514],[32.675,-17.067]],"c":true},"ix":2},"nm":"Path 13","mn":"ADBE Vector Shape - Group","hd":false},{"ind":13,"ty":"sh","ix":14,"ks":{"a":0,"k":{"i":[[0,0],[0,0.589],[0,0],[0,0],[0,0.59],[0,0],[0,0],[0,0.589],[0,0],[0.472,0.149],[0,0],[0.252,-0.071],[0,0],[0,-0.449],[0,0],[-0.637,0],[0,0],[0,0],[-0.635,0],[0,0],[0,0],[-0.636,0],[0,0],[0,0],[0,0],[0,-0.588],[0,0],[0,0],[0,-0.589],[0,0],[-0.637,0],[0,0],[0,0.588],[0,0],[0.636,0],[0,0],[0,0],[0.636,0],[0,0],[0,0]],"o":[[0.647,0],[0,0],[0,0],[0.646,0],[0,0],[0,0],[0.648,0],[0,0],[0,-0.459],[0,0],[-0.252,-0.071],[0,0],[-0.472,0.15],[0,0],[0,0.589],[0,0],[0,0],[0,0.59],[0,0],[0,0],[0,0.589],[0,0],[0,0],[0,0],[-0.647,0],[0,0],[0,0],[-0.637,0.01],[0,0],[0,0.588],[0,0],[0.646,0],[0,0],[0,-0.589],[0,0],[0,0],[0,-0.589],[0,0],[0,0],[0,0]],"v":[[29.177,-6.4],[30.339,-7.469],[30.339,-10.665],[31.502,-10.665],[32.664,-11.734],[32.664,-14.929],[33.826,-14.929],[34.989,-15.998],[34.989,-20.263],[34.21,-21.271],[0.389,-31.947],[-0.378,-31.947],[-34.221,-21.281],[-35,-20.273],[-35,-16.008],[-33.837,-14.94],[-32.675,-14.94],[-32.675,-11.744],[-31.513,-10.675],[-30.35,-10.675],[-30.35,-7.479],[-29.188,-6.41],[-28.025,-6.41],[-28.025,21.324],[-29.166,21.324],[-30.328,22.392],[-30.328,25.589],[-33.837,25.589],[-35,26.667],[-35,30.932],[-33.837,32],[33.838,32],[35,30.932],[35,26.667],[33.838,25.599],[30.339,25.599],[30.339,22.402],[29.177,21.334],[28.015,21.334],[28.015,-6.4]],"c":true},"ix":2},"nm":"Path 14","mn":"ADBE Vector Shape - Group","hd":false},{"ty":"mm","mm":1,"nm":"Merge Paths 1","mn":"ADBE Vector Filter - Merge","hd":false},{"ty":"fl","c":{"a":0,"k":[0.090000002992,0.113999998803,0.141000007181,1],"ix":4},"o":{"a":0,"k":100,"ix":5},"r":1,"bm":0,"nm":"Fill 1","mn":"ADBE Vector Graphic - Fill","hd":false},{"ty":"tr","p":{"a":0,"k":[35.25,32.268],"ix":2},"a":{"a":0,"k":[0,0],"ix":1},"s":{"a":0,"k":[100,100],"ix":3},"r":{"a":0,"k":0,"ix":6},"o":{"a":0,"k":100,"ix":7},"sk":{"a":0,"k":0,"ix":4},"sa":{"a":0,"k":0,"ix":5},"nm":"Transform"}],"nm":"Group 1","np":18,"cix":2,"bm":0,"ix":1,"mn":"ADBE Vector Group","hd":false}],"ip":0,"op":634.000025823349,"st":0,"bm":0}],"markers":[]}